[{"pk": 1, "model": "records.tournament", "fields": {"short_name": "OUIT", "full_name": "Oxford University Indoor Tournament"}}, {"pk": 2, "model": "records.tournament", "fields": {"short_name": "Oxford FITA", "full_name": "Oxford Archers FITA Weekend"}}, {"pk": 1, "model": "records.subround", "fields": {"distance": 20, "arrows": 60, "unit": "y"}}, {"pk": 2, "model": "records.subround", "fields": {"distance": 70, "arrows": 72, "unit": "m"}}, {"pk": 1, "model": "records.round", "fields": {"subrounds": [1], "has_xs": false, "name": "Portsmouth"}}, {"pk": 2, "model": "records.round", "fields": {"subrounds": [2], "has_xs": true, "name": "FITA 70m"}}, {"pk": 1, "model": "records.boundround", "fields": {"round_type": 1, "competition": 1, "use_individual_arrows": false}}, {"pk": 2, "model": "records.boundround", "fields": {"round_type": 2, "competition": 2, "use_individual_arrows": true}}, {"pk": 1, "model": "records.competition", "fields": {"end_date": "2008-04-05", "created": "2011-06-18 10:18:16", "tournament": 1, "modified": "2011-06-21 19:30:46", "date": "2008-04-05", "slug": "ouit-2008"}}, {"pk": 2, "model": "records.competition", "fields": {"end_date": "2011-08-07", "created": "2011-06-21 08:27:38", "tournament": 2, "modified": "2011-06-21 19:30:44", "date": "2011-08-06", "slug": "oxford-fita-2011"}}, {"pk": 1, "model": "records.bowstyle", "fields": {"name": "Recurve"}}, {"pk": 2, "model": "records.bowstyle", "fields": {"name": "Compound"}}, {"pk": 3, "model": "records.bowstyle", "fields": {"name": "Longbow"}}, {"pk": 4, "model": "records.bowstyle", "fields": {"name": "Barebow"}}, {"pk": 5, "model": "records.bowstyle", "fields": {"name": "Traditional"}}, {"pk": 1, "model": "records.club", "fields": {"name": "Oxford University Company of Archers", "short_name": "OUCofA"}}, {"pk": 2, "model": "records.club", "fields": {"name": "Oxford Archers", "short_name": "OA"}}, {"pk": 1, "model": "records.archer", "fields": {"club": 2, "gender": "M", "bowstyle": 1, "name": "Marc Tamlyn"}}, {"pk": 2, "model": "records.archer", "fields": {"club": 2, "gender": "F", "bowstyle": 2, "name": "Nat Merry"}}, {"pk": 3, "model": "records.archer", "fields": {"club": 2, "gender": "F", "bowstyle": 1, "name": "Antje Frotscher"}}, {"pk": 4, "model": "records.archer", "fields": {"club": 1, "gender": "M", "bowstyle": 1, "name": "David Timmins"}}, {"pk": 1, "model": "records.entry", "fields": {"hits": 12, "retired": false, "target": "1A", "archer": 1, "club": 2, "shot_round": 2, "golds": 3, "score": 104, "xs": 1, "bowstyle": 1}}, {"pk": 2, "model": "records.entry", "fields": {"hits": 11, "retired": false, "target": "1B", "archer": 2, "club": 2, "shot_round": 2, "golds": 5, "score": 94, "xs": 3, "bowstyle": 2}}, {"pk": 3, "model": "records.entry", "fields": {"hits": 12, "retired": false, "target": "2A", "archer": 3, "club": 2, "shot_round": 2, "golds": 4, "score": 105, "xs": 1, "bowstyle": 1}}, {"pk": 4, "model": "records.entry", "fields": {"hits": 12, "retired": false, "target": "2B", "archer": 4, "club": 1, "shot_round": 2, "golds": 3, "score": 93, "xs": 0, "bowstyle": 1}}, {"pk": 1, "model": "records.arrow", "fields": {"entry": 1, "arrow_of_round": 13, "score": 10, "subround": 2, "is_x": true}}, {"pk": 2, "model": "records.arrow", "fields": {"entry": 1, "arrow_of_round": 14, "score": 10, "subround": 2, "is_x": false}}, {"pk": 3, "model": "records.arrow", "fields": {"entry": 1, "arrow_of_round": 15, "score": 10, "subround": 2, "is_x": false}}, {"pk": 4, "model": "records.arrow", "fields": {"entry": 1, "arrow_of_round": 16, "score": 9, "subround": 2, "is_x": false}}, {"pk": 5, "model": "records.arrow", "fields": {"entry": 1, "arrow_of_round": 17, "score": 9, "subround": 2, "is_x": false}}, {"pk": 6, "model": "records.arrow", "fields": {"entry": 1, "arrow_of_round": 18, "score": 8, "subround": 2, "is_x": false}}, {"pk": 7, "model": "records.arrow", "fields": {"entry": 1, "arrow_of_round": 19, "score": 8, "subround": 2, "is_x": false}}, {"pk": 8, "model": "records.arrow", "fields": {"entry": 1, "arrow_of_round": 20, "score": 8, "subround": 2, "is_x": false}}, {"pk": 9, "model": "records.arrow", "fields": {"entry": 1, "arrow_of_round": 21, "score": 9, "subround": 2, "is_x": false}}, {"pk": 10, "model": "records.arrow", "fields": {"entry": 1, "arrow_of_round": 22, "score": 8, "subround": 2, "is_x": false}}, {"pk": 11, "model": "records.arrow", "fields": {"entry": 1, "arrow_of_round": 23, "score": 8, "subround": 2, "is_x": false}}, {"pk": 12, "model": "records.arrow", "fields": {"entry": 1, "arrow_of_round": 24, "score": 7, "subround": 2, "is_x": false}}, {"pk": 13, "model": "records.arrow", "fields": {"entry": 2, "arrow_of_round": 13, "score": 7, "subround": 2, "is_x": false}}, {"pk": 14, "model": "records.arrow", "fields": {"entry": 2, "arrow_of_round": 14, "score": 7, "subround": 2, "is_x": false}}, {"pk": 15, "model": "records.arrow", "fields": {"entry": 2, "arrow_of_round": 15, "score": 6, "subround": 2, "is_x": false}}, {"pk": 16, "model": "records.arrow", "fields": {"entry": 2, "arrow_of_round": 16, "score": 8, "subround": 2, "is_x": false}}, {"pk": 17, "model": "records.arrow", "fields": {"entry": 2, "arrow_of_round": 17, "score": 8, "subround": 2, "is_x": false}}, {"pk": 18, "model": "records.arrow", "fields": {"entry": 2, "arrow_of_round": 18, "score": 8, "subround": 2, "is_x": false}}, {"pk": 19, "model": "records.arrow", "fields": {"entry": 2, "arrow_of_round": 19, "score": 10, "subround": 2, "is_x": false}}, {"pk": 20, "model": "records.arrow", "fields": {"entry": 2, "arrow_of_round": 20, "score": 10, "subround": 2, "is_x": false}}, {"pk": 21, "model": "records.arrow", "fields": {"entry": 2, "arrow_of_round": 21, "score": 10, "subround": 2, "is_x": true}}, {"pk": 22, "model": "records.arrow", "fields": {"entry": 2, "arrow_of_round": 22, "score": 10, "subround": 2, "is_x": true}}, {"pk": 23, "model": "records.arrow", "fields": {"entry": 2, "arrow_of_round": 23, "score": 10, "subround": 2, "is_x": true}}, {"pk": 24, "model": "records.arrow", "fields": {"entry": 2, "arrow_of_round": 24, "score": 0, "subround": 2, "is_x": false}}, {"pk": 25, "model": "records.arrow", "fields": {"entry": 3, "arrow_of_round": 13, "score": 10, "subround": 2, "is_x": false}}, {"pk": 26, "model": "records.arrow", "fields": {"entry": 3, "arrow_of_round": 14, "score": 10, "subround": 2, "is_x": false}}, {"pk": 27, "model": "records.arrow", "fields": {"entry": 3, "arrow_of_round": 15, "score": 9, "subround": 2, "is_x": false}}, {"pk": 28, "model": "records.arrow", "fields": {"entry": 3, "arrow_of_round": 16, "score": 9, "subround": 2, "is_x": false}}, {"pk": 29, "model": "records.arrow", "fields": {"entry": 3, "arrow_of_round": 17, "score": 9, "subround": 2, "is_x": false}}, {"pk": 30, "model": "records.arrow", "fields": {"entry": 3, "arrow_of_round": 18, "score": 8, "subround": 2, "is_x": false}}, {"pk": 31, "model": "records.arrow", "fields": {"entry": 3, "arrow_of_round": 19, "score": 10, "subround": 2, "is_x": true}}, {"pk": 32, "model": "records.arrow", "fields": {"entry": 3, "arrow_of_round": 20, "score": 10, "subround": 2, "is_x": false}}, {"pk": 33, "model": "records.arrow", "fields": {"entry": 3, "arrow_of_round": 21, "score": 9, "subround": 2, "is_x": false}}, {"pk": 34, "model": "records.arrow", "fields": {"entry": 3, "arrow_of_round": 22, "score": 7, "subround": 2, "is_x": false}}, {"pk": 35, "model": "records.arrow", "fields": {"entry": 3, "arrow_of_round": 23, "score": 7, "subround": 2, "is_x": false}}, {"pk": 36, "model": "records.arrow", "fields": {"entry": 3, "arrow_of_round": 24, "score": 7, "subround": 2, "is_x": false}}, {"pk": 37, "model": "records.arrow", "fields": {"entry": 4, "arrow_of_round": 13, "score": 10, "subround": 2, "is_x": false}}, {"pk": 38, "model": "records.arrow", "fields": {"entry": 4, "arrow_of_round": 14, "score": 10, "subround": 2, "is_x": false}}, {"pk": 39, "model": "records.arrow", "fields": {"entry": 4, "arrow_of_round": 15, "score": 9, "subround": 2, "is_x": false}}, {"pk": 40, "model": "records.arrow", "fields": {"entry": 4, "arrow_of_round": 16, "score": 7, "subround": 2, "is_x": false}}, {"pk": 41, "model": "records.arrow", "fields": {"entry": 4, "arrow_of_round": 17, "score": 7, "subround": 2, "is_x": false}}, {"pk": 42, "model": "records.arrow", "fields": {"entry": 4, "arrow_of_round": 18, "score": 7, "subround": 2, "is_x": false}}, {"pk": 43, "model": "records.arrow", "fields": {"entry": 4, "arrow_of_round": 19, "score": 10, "subround": 2, "is_x": false}}, {"pk": 44, "model": "records.arrow", "fields": {"entry": 4, "arrow_of_round": 20, "score": 9, "subround": 2, "is_x": false}}, {"pk": 45, "model": "records.arrow", "fields": {"entry": 4, "arrow_of_round": 21, "score": 6, "subround": 2, "is_x": false}}, {"pk": 46, "model": "records.arrow", "fields": {"entry": 4, "arrow_of_round": 22, "score": 6, "subround": 2, "is_x": false}}, {"pk": 47, "model": "records.arrow", "fields": {"entry": 4, "arrow_of_round": 23, "score": 6, "subround": 2, "is_x": false}}, {"pk": 48, "model": "records.arrow", "fields": {"entry": 4, "arrow_of_round": 24, "score": 6, "subround": 2, "is_x": false}}]