[{"pk": 1, "model": "olympic.olympicround", "fields": {"distance": 70, "match_type": "T"}}, {"pk": 2, "model": "olympic.olympicround", "fields": {"distance": 50, "match_type": "C"}}, {"pk": 1, "model": "olympic.category", "fields": {"gender": "G", "bowstyles": [1, 3, 4, 5]}}, {"pk": 2, "model": "olympic.category", "fields": {"gender": "L", "bowstyles": [1, 3, 4, 5]}}, {"pk": 3, "model": "olympic.category", "fields": {"gender": "G", "bowstyles": [2]}}, {"pk": 4, "model": "olympic.category", "fields": {"gender": "L", "bowstyles": [2]}}, {"pk": 1, "model": "olympic.olympicsessionround", "fields": {"category": 3, "ranking_round": 2, "session": 2, "shot_round": 2}}, {"pk": 2, "model": "olympic.olympicsessionround", "fields": {"category": 4, "ranking_round": 2, "session": 2, "shot_round": 2}}, {"pk": 3, "model": "olympic.olympicsessionround", "fields": {"category": 1, "ranking_round": 1, "session": 2, "shot_round": 1}}, {"pk": 4, "model": "olympic.olympicsessionround", "fields": {"category": 2, "ranking_round": 1, "session": 2, "shot_round": 1}}, {"pk": 1, "model": "olympic.match", "fields": {"session_round": 3, "target_2": null, "target": 1, "match": 32, "level": 6}}, {"pk": 2, "model": "olympic.match", "fields": {"session_round": 3, "target_2": null, "target": 2, "match": 17, "level": 6}}, {"pk": 3, "model": "olympic.match", "fields": {"session_round": 3, "target_2": null, "target": 3, "match": 24, "level": 6}}, {"pk": 4, "model": "olympic.match", "fields": {"session_round": 3, "target_2": null, "target": 4, "match": 25, "level": 6}}, {"pk": 5, "model": "olympic.match", "fields": {"session_round": 3, "target_2": null, "target": 5, "match": 28, "level": 6}}, {"pk": 6, "model": "olympic.match", "fields": {"session_round": 3, "target_2": null, "target": 6, "match": 21, "level": 6}}, {"pk": 7, "model": "olympic.match", "fields": {"session_round": 3, "target_2": null, "target": 7, "match": 20, "level": 6}}, {"pk": 8, "model": "olympic.match", "fields": {"session_round": 3, "target_2": null, "target": 8, "match": 29, "level": 6}}, {"pk": 9, "model": "olympic.match", "fields": {"session_round": 3, "target_2": null, "target": 9, "match": 30, "level": 6}}, {"pk": 10, "model": "olympic.match", "fields": {"session_round": 3, "target_2": null, "target": 10, "match": 19, "level": 6}}, {"pk": 11, "model": "olympic.match", "fields": {"session_round": 3, "target_2": null, "target": 11, "match": 22, "level": 6}}, {"pk": 12, "model": "olympic.match", "fields": {"session_round": 3, "target_2": null, "target": 12, "match": 27, "level": 6}}, {"pk": 13, "model": "olympic.match", "fields": {"session_round": 3, "target_2": null, "target": 13, "match": 26, "level": 6}}, {"pk": 14, "model": "olympic.match", "fields": {"session_round": 3, "target_2": null, "target": 14, "match": 23, "level": 6}}, {"pk": 15, "model": "olympic.match", "fields": {"session_round": 3, "target_2": null, "target": 15, "match": 18, "level": 6}}, {"pk": 16, "model": "olympic.match", "fields": {"session_round": 3, "target_2": null, "target": 16, "match": 31, "level": 6}}, {"pk": 17, "model": "olympic.match", "fields": {"session_round": 3, "target_2": null, "target": 1, "match": 1, "level": 5}}, {"pk": 18, "model": "olympic.match", "fields": {"session_round": 3, "target_2": null, "target": 2, "match": 16, "level": 5}}, {"pk": 19, "model": "olympic.match", "fields": {"session_round": 3, "target_2": null, "target": 3, "match": 9, "level": 5}}, {"pk": 20, "model": "olympic.match", "fields": {"session_round": 3, "target_2": null, "target": 4, "match": 8, "level": 5}}, {"pk": 21, "model": "olympic.match", "fields": {"session_round": 3, "target_2": null, "target": 5, "match": 5, "level": 5}}, {"pk": 22, "model": "olympic.match", "fields": {"session_round": 3, "target_2": null, "target": 6, "match": 12, "level": 5}}, {"pk": 23, "model": "olympic.match", "fields": {"session_round": 3, "target_2": null, "target": 7, "match": 13, "level": 5}}, {"pk": 24, "model": "olympic.match", "fields": {"session_round": 3, "target_2": null, "target": 8, "match": 4, "level": 5}}, {"pk": 25, "model": "olympic.match", "fields": {"session_round": 3, "target_2": null, "target": 9, "match": 3, "level": 5}}, {"pk": 26, "model": "olympic.match", "fields": {"session_round": 3, "target_2": null, "target": 10, "match": 14, "level": 5}}, {"pk": 27, "model": "olympic.match", "fields": {"session_round": 3, "target_2": null, "target": 11, "match": 11, "level": 5}}, {"pk": 28, "model": "olympic.match", "fields": {"session_round": 3, "target_2": null, "target": 12, "match": 6, "level": 5}}, {"pk": 29, "model": "olympic.match", "fields": {"session_round": 3, "target_2": null, "target": 13, "match": 7, "level": 5}}, {"pk": 30, "model": "olympic.match", "fields": {"session_round": 3, "target_2": null, "target": 14, "match": 10, "level": 5}}, {"pk": 31, "model": "olympic.match", "fields": {"session_round": 3, "target_2": null, "target": 15, "match": 15, "level": 5}}, {"pk": 32, "model": "olympic.match", "fields": {"session_round": 3, "target_2": null, "target": 16, "match": 2, "level": 5}}, {"pk": 33, "model": "olympic.match", "fields": {"session_round": 3, "target_2": null, "target": 1, "match": 1, "level": 4}}, {"pk": 34, "model": "olympic.match", "fields": {"session_round": 3, "target_2": null, "target": 2, "match": 8, "level": 4}}, {"pk": 35, "model": "olympic.match", "fields": {"session_round": 3, "target_2": null, "target": 3, "match": 5, "level": 4}}, {"pk": 36, "model": "olympic.match", "fields": {"session_round": 3, "target_2": null, "target": 4, "match": 4, "level": 4}}, {"pk": 37, "model": "olympic.match", "fields": {"session_round": 3, "target_2": null, "target": 5, "match": 3, "level": 4}}, {"pk": 38, "model": "olympic.match", "fields": {"session_round": 3, "target_2": null, "target": 6, "match": 6, "level": 4}}, {"pk": 39, "model": "olympic.match", "fields": {"session_round": 3, "target_2": null, "target": 7, "match": 7, "level": 4}}, {"pk": 40, "model": "olympic.match", "fields": {"session_round": 3, "target_2": null, "target": 8, "match": 2, "level": 4}}, {"pk": 41, "model": "olympic.match", "fields": {"session_round": 3, "target_2": 2, "target": 1, "match": 1, "level": 3}}, {"pk": 42, "model": "olympic.match", "fields": {"session_round": 3, "target_2": 4, "target": 3, "match": 4, "level": 3}}, {"pk": 43, "model": "olympic.match", "fields": {"session_round": 3, "target_2": 6, "target": 5, "match": 3, "level": 3}}, {"pk": 44, "model": "olympic.match", "fields": {"session_round": 3, "target_2": 8, "target": 7, "match": 2, "level": 3}}, {"pk": 45, "model": "olympic.match", "fields": {"session_round": 3, "target_2": 10, "target": 9, "match": 1, "level": 2}}, {"pk": 46, "model": "olympic.match", "fields": {"session_round": 3, "target_2": 12, "target": 11, "match": 2, "level": 2}}, {"pk": 47, "model": "olympic.match", "fields": {"session_round": 3, "target_2": 10, "target": 9, "match": 1, "level": 1}}, {"pk": 48, "model": "olympic.match", "fields": {"session_round": 3, "target_2": 12, "target": 11, "match": 2, "level": 1}}, {"pk": 49, "model": "olympic.match", "fields": {"session_round": 4, "target_2": null, "target": 9, "match": 1, "level": 4}}, {"pk": 50, "model": "olympic.match", "fields": {"session_round": 4, "target_2": null, "target": 10, "match": 8, "level": 4}}, {"pk": 51, "model": "olympic.match", "fields": {"session_round": 4, "target_2": null, "target": 11, "match": 5, "level": 4}}, {"pk": 52, "model": "olympic.match", "fields": {"session_round": 4, "target_2": null, "target": 12, "match": 4, "level": 4}}, {"pk": 53, "model": "olympic.match", "fields": {"session_round": 4, "target_2": null, "target": 13, "match": 3, "level": 4}}, {"pk": 54, "model": "olympic.match", "fields": {"session_round": 4, "target_2": null, "target": 14, "match": 6, "level": 4}}, {"pk": 55, "model": "olympic.match", "fields": {"session_round": 4, "target_2": null, "target": 15, "match": 7, "level": 4}}, {"pk": 56, "model": "olympic.match", "fields": {"session_round": 4, "target_2": null, "target": 16, "match": 2, "level": 4}}, {"pk": 57, "model": "olympic.match", "fields": {"session_round": 4, "target_2": 10, "target": 9, "match": 1, "level": 3}}, {"pk": 58, "model": "olympic.match", "fields": {"session_round": 4, "target_2": 12, "target": 11, "match": 4, "level": 3}}, {"pk": 59, "model": "olympic.match", "fields": {"session_round": 4, "target_2": 14, "target": 13, "match": 3, "level": 3}}, {"pk": 60, "model": "olympic.match", "fields": {"session_round": 4, "target_2": 16, "target": 15, "match": 2, "level": 3}}, {"pk": 61, "model": "olympic.match", "fields": {"session_round": 4, "target_2": 14, "target": 13, "match": 1, "level": 2}}, {"pk": 62, "model": "olympic.match", "fields": {"session_round": 4, "target_2": 16, "target": 15, "match": 2, "level": 2}}, {"pk": 63, "model": "olympic.match", "fields": {"session_round": 4, "target_2": 14, "target": 13, "match": 1, "level": 1}}, {"pk": 64, "model": "olympic.match", "fields": {"session_round": 4, "target_2": 16, "target": 15, "match": 2, "level": 1}}, {"pk": 65, "model": "olympic.match", "fields": {"session_round": 1, "target_2": null, "target": 17, "match": 1, "level": 5}}, {"pk": 66, "model": "olympic.match", "fields": {"session_round": 1, "target_2": null, "target": 18, "match": 16, "level": 5}}, {"pk": 67, "model": "olympic.match", "fields": {"session_round": 1, "target_2": null, "target": 19, "match": 9, "level": 5}}, {"pk": 68, "model": "olympic.match", "fields": {"session_round": 1, "target_2": null, "target": 20, "match": 8, "level": 5}}, {"pk": 69, "model": "olympic.match", "fields": {"session_round": 1, "target_2": null, "target": 21, "match": 5, "level": 5}}, {"pk": 70, "model": "olympic.match", "fields": {"session_round": 1, "target_2": null, "target": 22, "match": 12, "level": 5}}, {"pk": 71, "model": "olympic.match", "fields": {"session_round": 1, "target_2": null, "target": 23, "match": 13, "level": 5}}, {"pk": 72, "model": "olympic.match", "fields": {"session_round": 1, "target_2": null, "target": 24, "match": 4, "level": 5}}, {"pk": 73, "model": "olympic.match", "fields": {"session_round": 1, "target_2": null, "target": 25, "match": 3, "level": 5}}, {"pk": 74, "model": "olympic.match", "fields": {"session_round": 1, "target_2": null, "target": 26, "match": 14, "level": 5}}, {"pk": 75, "model": "olympic.match", "fields": {"session_round": 1, "target_2": null, "target": 27, "match": 11, "level": 5}}, {"pk": 76, "model": "olympic.match", "fields": {"session_round": 1, "target_2": null, "target": 28, "match": 6, "level": 5}}, {"pk": 77, "model": "olympic.match", "fields": {"session_round": 1, "target_2": null, "target": 29, "match": 7, "level": 5}}, {"pk": 78, "model": "olympic.match", "fields": {"session_round": 1, "target_2": null, "target": 30, "match": 10, "level": 5}}, {"pk": 79, "model": "olympic.match", "fields": {"session_round": 1, "target_2": null, "target": 31, "match": 15, "level": 5}}, {"pk": 80, "model": "olympic.match", "fields": {"session_round": 1, "target_2": null, "target": 32, "match": 2, "level": 5}}, {"pk": 81, "model": "olympic.match", "fields": {"session_round": 1, "target_2": null, "target": 17, "match": 1, "level": 4}}, {"pk": 82, "model": "olympic.match", "fields": {"session_round": 1, "target_2": null, "target": 18, "match": 8, "level": 4}}, {"pk": 83, "model": "olympic.match", "fields": {"session_round": 1, "target_2": null, "target": 19, "match": 5, "level": 4}}, {"pk": 84, "model": "olympic.match", "fields": {"session_round": 1, "target_2": null, "target": 20, "match": 4, "level": 4}}, {"pk": 85, "model": "olympic.match", "fields": {"session_round": 1, "target_2": null, "target": 21, "match": 3, "level": 4}}, {"pk": 86, "model": "olympic.match", "fields": {"session_round": 1, "target_2": null, "target": 22, "match": 6, "level": 4}}, {"pk": 87, "model": "olympic.match", "fields": {"session_round": 1, "target_2": null, "target": 23, "match": 7, "level": 4}}, {"pk": 88, "model": "olympic.match", "fields": {"session_round": 1, "target_2": null, "target": 24, "match": 2, "level": 4}}, {"pk": 89, "model": "olympic.match", "fields": {"session_round": 1, "target_2": 18, "target": 17, "match": 1, "level": 3}}, {"pk": 90, "model": "olympic.match", "fields": {"session_round": 1, "target_2": 20, "target": 19, "match": 4, "level": 3}}, {"pk": 91, "model": "olympic.match", "fields": {"session_round": 1, "target_2": 22, "target": 21, "match": 3, "level": 3}}, {"pk": 92, "model": "olympic.match", "fields": {"session_round": 1, "target_2": 24, "target": 23, "match": 2, "level": 3}}, {"pk": 93, "model": "olympic.match", "fields": {"session_round": 1, "target_2": 18, "target": 17, "match": 1, "level": 2}}, {"pk": 94, "model": "olympic.match", "fields": {"session_round": 1, "target_2": 20, "target": 19, "match": 2, "level": 2}}, {"pk": 95, "model": "olympic.match", "fields": {"session_round": 1, "target_2": 18, "target": 17, "match": 1, "level": 1}}, {"pk": 96, "model": "olympic.match", "fields": {"session_round": 1, "target_2": 20, "target": 19, "match": 2, "level": 1}}, {"pk": 97, "model": "olympic.match", "fields": {"session_round": 2, "target_2": null, "target": 25, "match": 1, "level": 4}}, {"pk": 98, "model": "olympic.match", "fields": {"session_round": 2, "target_2": null, "target": 26, "match": 8, "level": 4}}, {"pk": 99, "model": "olympic.match", "fields": {"session_round": 2, "target_2": null, "target": 27, "match": 5, "level": 4}}, {"pk": 100, "model": "olympic.match", "fields": {"session_round": 2, "target_2": null, "target": 28, "match": 4, "level": 4}}, {"pk": 101, "model": "olympic.match", "fields": {"session_round": 2, "target_2": null, "target": 29, "match": 3, "level": 4}}, {"pk": 102, "model": "olympic.match", "fields": {"session_round": 2, "target_2": null, "target": 30, "match": 6, "level": 4}}, {"pk": 103, "model": "olympic.match", "fields": {"session_round": 2, "target_2": null, "target": 31, "match": 7, "level": 4}}, {"pk": 104, "model": "olympic.match", "fields": {"session_round": 2, "target_2": null, "target": 32, "match": 2, "level": 4}}, {"pk": 105, "model": "olympic.match", "fields": {"session_round": 2, "target_2": 26, "target": 25, "match": 1, "level": 3}}, {"pk": 106, "model": "olympic.match", "fields": {"session_round": 2, "target_2": 28, "target": 27, "match": 4, "level": 3}}, {"pk": 107, "model": "olympic.match", "fields": {"session_round": 2, "target_2": 30, "target": 29, "match": 3, "level": 3}}, {"pk": 108, "model": "olympic.match", "fields": {"session_round": 2, "target_2": 32, "target": 31, "match": 2, "level": 3}}, {"pk": 109, "model": "olympic.match", "fields": {"session_round": 2, "target_2": 22, "target": 21, "match": 1, "level": 2}}, {"pk": 110, "model": "olympic.match", "fields": {"session_round": 2, "target_2": 24, "target": 23, "match": 2, "level": 2}}, {"pk": 111, "model": "olympic.match", "fields": {"session_round": 2, "target_2": 22, "target": 21, "match": 1, "level": 1}}, {"pk": 112, "model": "olympic.match", "fields": {"session_round": 2, "target_2": 24, "target": 23, "match": 2, "level": 1}}]